
insert into product(id,title,size,price,sale_price) VALUES (1, 'Красная юбка', 'XS', 123,100);
insert into product(id,title,size,price,sale_price) VALUES (2, 'Кожаная безрукавка', 'XS', 50,25);
insert into product(id,title,size,price,sale_price) VALUES (3, 'летнее платье принт', 'S', 500,300);
insert into product(id,title,size,price,sale_price) VALUES (4, 'маленькое черное платье ', 'M', 50,20);
insert into product(id,title,size,price,sale_price) VALUES (5, 'хлопковое платье в свободном стиле', 'L', 501,456);
insert into product(id,title,size,price,sale_price) VALUES (6, 'красное шифоновое вечернее платье', 'S', 120,99);
insert into product(id,title,size,price,sale_price) VALUES (7, 'дерзкое соблазнительное платье', 'S', 440,399);
insert into product(id,title,size,price,sale_price) VALUES (8, 'серая трикотажна юбка', 'M', 60,55);
insert into product(id,title,size,price,sale_price) VALUES (9, 'этническая безрукавка', 'L', 90,30);
insert into product(id,title,size,price,sale_price) VALUES (10, 'черные замшевые сапоги', 'L', 580,499);
insert into product(id,title,size,price) VALUES (11, 'натуральный меховой шарф', 'XS', 760);
insert into product(id,title,size,price) VALUES (12, 'нежное платье с капюшоном', 'M', 450);
insert into product(id,title,size,price) VALUES (13, 'черно-зеленый костюм', 'L', 555);
insert into product(id,title,size,price) VALUES (14, 'черное строгое платье', 'XS', 666);
insert into product(id,title,size,price) VALUES (15, 'ярко-красное платье', 'XS', 123);
insert into product(id,title,size,price) VALUES (16, 'нежно-белое платье', 'XS', 345);
insert into product(id,title,size,price) VALUES (17,'Леггинсы', 'S', 395);
insert into product(id,title,size,price) VALUES (18,'Длинное черное платье', 'M', 395);
insert into product(id,title,size,price) VALUES (19,'Стильные очки', 'XS', 75);
insert into product(id,title,size,price) VALUES (20,'Отличная шляпа', 'XS', 75);

INSERT INTO category(id,title,category_type) VALUES (1,'Одежда низ', 'PARENT');
INSERT INTO category(id,title,category_type) VALUES (2,'Платья', 'PARENT');
INSERT INTO category(id,title,category_type) VALUES (3,'Комбинезоны', 'PARENT');
INSERT INTO category(id,title,category_type) VALUES (4,'Костюмы', 'PARENT');
INSERT INTO category(id,title,category_type) VALUES (5,'Обувь', 'PARENT');
INSERT INTO category(id,title,category_type) VALUES (6,'Аксесуары', 'PARENT');
INSERT INTO category(id,title,category_type) VALUES (7,'Украшения', 'PARENT');
INSERT INTO category(id,title,category_type) VALUES (8,'Другие товары', 'PARENT');

INSERT INTO category(id,title,category_type) VALUES (9, 'Лето 2015', 'COLLECTION');
INSERT INTO category(id,title,category_type) VALUES (10,'Осень 2015', 'COLLECTION');
INSERT INTO category(id,title,category_type) VALUES (11,'Купи 3 получи 2', 'ACTION');
INSERT INTO category(id,title,category_type) VALUES (12,'30% скидки', 'SALE');

INSERT INTO product_categories(product, categories) VALUES (1,1);
INSERT INTO product_categories(product, categories) VALUES (1,9);
INSERT INTO product_categories(product, categories) VALUES (2,8);
INSERT INTO product_categories(product, categories) VALUES (2,10);
INSERT INTO product_categories(product, categories) VALUES (3,2);
INSERT INTO product_categories(product, categories) VALUES (3,9);
INSERT INTO product_categories(product, categories) VALUES (3,11);
INSERT INTO product_categories(product, categories) VALUES (4,2);
INSERT INTO product_categories(product, categories) VALUES (5,2);
INSERT INTO product_categories(product, categories) VALUES (5,9);
INSERT INTO product_categories(product, categories) VALUES (6,2);
INSERT INTO product_categories(product, categories) VALUES (7,2);
INSERT INTO product_categories(product, categories) VALUES (8,1);
INSERT INTO product_categories(product, categories) VALUES (8,9);
INSERT INTO product_categories(product, categories) VALUES (9,8);
INSERT INTO product_categories(product, categories) VALUES (10,5);
INSERT INTO product_categories(product, categories) VALUES (10,10);
INSERT INTO product_categories(product, categories) VALUES (11,6);
INSERT INTO product_categories(product, categories) VALUES (11,11);
INSERT INTO product_categories(product, categories) VALUES (12,2);
INSERT INTO product_categories(product, categories) VALUES (12,12);
INSERT INTO product_categories(product, categories) VALUES (13,4);
INSERT INTO product_categories(product, categories) VALUES (13,9);
INSERT INTO product_categories(product, categories) VALUES (14,2);
INSERT INTO product_categories(product, categories) VALUES (15,2);
INSERT INTO product_categories(product, categories) VALUES (16,2);
INSERT INTO product_categories(product, categories) VALUES (17,1);
INSERT INTO product_categories(product, categories) VALUES (18,2);
INSERT INTO product_categories(product, categories) VALUES (19,6);
INSERT INTO product_categories(product, categories) VALUES (19,8);
INSERT INTO product_categories(product, categories) VALUES (19,9);
INSERT INTO product_categories(product, categories) VALUES (20,6);
INSERT INTO product_categories(product, categories) VALUES (20,7);
INSERT INTO product_categories(product, categories) VALUES (20,8);

INSERT INTO user(user_name, email, password) VALUES ('admin', 'admi@admin.ad', 'admin');
